{
  "Resultado Sessao" : {
    "transaction" : "Resultado Sessao",
    "sampleCount" : 7264,
    "errorCount" : 0,
    "errorPct" : 0.0,
    "meanResTime" : 857.2431167400875,
    "minResTime" : 1.0,
    "maxResTime" : 2175.0,
    "pct1ResTime" : 1675.0,
    "pct2ResTime" : 1835.0,
    "pct3ResTime" : 2102.3500000000004,
    "throughput" : 118.64046907410129,
    "receivedKBytesPerSec" : 33.71521142633152,
    "sentKBytesPerSec" : 44.14259640354746
  },
  "Criar Pauta" : {
    "transaction" : "Criar Pauta",
    "sampleCount" : 7769,
    "errorCount" : 0,
    "errorPct" : 0.0,
    "meanResTime" : 1013.5178272621979,
    "minResTime" : 1.0,
    "maxResTime" : 2172.0,
    "pct1ResTime" : 1700.0,
    "pct2ResTime" : 1846.0,
    "pct3ResTime" : 2104.3,
    "throughput" : 126.75803556860826,
    "receivedKBytesPerSec" : 26.861810271863273,
    "sentKBytesPerSec" : 49.76243193220754
  },
  "Abrir Sessão" : {
    "transaction" : "Abrir Sessão",
    "sampleCount" : 7579,
    "errorCount" : 0,
    "errorPct" : 0.0,
    "meanResTime" : 794.0370761314144,
    "minResTime" : 1.0,
    "maxResTime" : 2171.0,
    "pct1ResTime" : 1667.0,
    "pct2ResTime" : 1798.0,
    "pct3ResTime" : 2069.3999999999996,
    "throughput" : 123.79941195687684,
    "receivedKBytesPerSec" : 26.476632049371123,
    "sentKBytesPerSec" : 49.689021791285526
  },
  "Total" : {
    "transaction" : "Total",
    "sampleCount" : 37165,
    "errorCount" : 0,
    "errorPct" : 0.0,
    "meanResTime" : 1236.7955603390294,
    "minResTime" : 1.0,
    "maxResTime" : 8783.0,
    "pct1ResTime" : 3423.9000000000015,
    "pct2ResTime" : 3976.9500000000007,
    "pct3ResTime" : 4770.980000000003,
    "throughput" : 601.725924486756,
    "receivedKBytesPerSec" : 161.34382867649438,
    "sentKBytesPerSec" : 232.7015908083592
  },
  "Registrar Voto" : {
    "transaction" : "Registrar Voto",
    "sampleCount" : 7434,
    "errorCount" : 0,
    "errorPct" : 0.0,
    "meanResTime" : 928.8461124562813,
    "minResTime" : 1.0,
    "maxResTime" : 2171.0,
    "pct1ResTime" : 1689.5,
    "pct2ResTime" : 1827.0,
    "pct3ResTime" : 2104.6499999999996,
    "throughput" : 121.44479113913711,
    "receivedKBytesPerSec" : 25.49866220206492,
    "sentKBytesPerSec" : 51.827513406057534
  },
  "Page Returning 404" : {
    "transaction" : "Page Returning 404",
    "sampleCount" : 7119,
    "errorCount" : 0,
    "errorPct" : 0.0,
    "meanResTime" : 2660.6860514117047,
    "minResTime" : 11.0,
    "maxResTime" : 8783.0,
    "pct1ResTime" : 4197.0,
    "pct2ResTime" : 4534.0,
    "pct3ResTime" : 5197.6,
    "throughput" : 115.38274526329438,
    "receivedKBytesPerSec" : 49.80388027966418,
    "sentKBytesPerSec" : 38.98674791123033
  }
}